{"cameraMode":{"drawMode":0,"name":"Shaded","section":"Shading Mode"},"sceneLighting":true,"audioPlay":false,"sceneViewState":{"showFog":false,"showMaterialUpdate":false,"showSkybox":false,"showFlares":false,"showImageEffects":false,"showParticleSystems":false},"in2DMode":false,"pivot":{"x":-3.089594841003418,"y":3.969609260559082,"z":5.0414533615112309},"rotation":{"x":-0.2383190542459488,"y":0.38213157653808596,"z":-0.10268033295869827,"w":-0.8869251608848572},"size":17.415258407592775,"orthographic":false}