{"cameraMode":{"drawMode":0,"name":"Shaded","section":"Shading Mode"},"sceneLighting":true,"audioPlay":false,"sceneViewState":{"showFog":false,"showMaterialUpdate":false,"showSkybox":false,"showFlares":false,"showImageEffects":false,"showParticleSystems":false},"in2DMode":false,"pivot":{"x":3.883618116378784,"y":-4.240913391113281,"z":14.936784744262696},"rotation":{"x":-0.23749355971813203,"y":-0.11448822915554047,"z":0.028198974207043649,"w":-0.9642064571380615},"size":34.564300537109378,"orthographic":false}