{"cameraMode":{"drawMode":0,"name":"Shaded","section":"Shading Mode"},"sceneLighting":true,"audioPlay":false,"sceneViewState":{"showFog":false,"showMaterialUpdate":false,"showSkybox":false,"showFlares":false,"showImageEffects":false,"showParticleSystems":false},"in2DMode":false,"pivot":{"x":-10.261960983276368,"y":-11.356094360351563,"z":16.94435691833496},"rotation":{"x":0.4866492450237274,"y":-0.24545760452747346,"z":0.1446436196565628,"w":0.8258337378501892},"size":52.96790313720703,"orthographic":false}