{"cameraMode":{"drawMode":0,"name":"Shaded","section":"Shading Mode"},"sceneLighting":true,"audioPlay":false,"sceneViewState":{"showFog":false,"showMaterialUpdate":false,"showSkybox":false,"showFlares":false,"showImageEffects":false,"showParticleSystems":false},"in2DMode":false,"pivot":{"x":-8.531991004943848,"y":-3.585641860961914,"z":5.26125431060791},"rotation":{"x":0.400593101978302,"y":-0.46773502230644228,"z":0.25087693333625796,"w":0.746866762638092},"size":41.87287902832031,"orthographic":false}