{"cameraMode":{"drawMode":0,"name":"Shaded","section":"Shading Mode"},"sceneLighting":true,"audioPlay":false,"sceneViewState":{"showFog":false,"showMaterialUpdate":false,"showSkybox":false,"showFlares":false,"showImageEffects":false,"showParticleSystems":false},"in2DMode":false,"pivot":{"x":-1.7308011054992676,"y":1.4587410688400269,"z":-3.143880844116211},"rotation":{"x":-0.014623383991420269,"y":-0.22249461710453034,"z":-0.0033376766368746759,"w":0.9748185873031616},"size":5.856020927429199,"orthographic":false}