{"cameraMode":{"drawMode":0,"name":"Shaded","section":"Shading Mode"},"sceneLighting":true,"audioPlay":false,"sceneViewState":{"showFog":false,"showMaterialUpdate":false,"showSkybox":false,"showFlares":false,"showImageEffects":false,"showParticleSystems":false},"in2DMode":false,"pivot":{"x":-0.9062070846557617,"y":0.9423165321350098,"z":1.6798114776611329},"rotation":{"x":0.21207110583782197,"y":-0.36684471368789675,"z":0.08628130704164505,"w":0.9016686677932739},"size":22.36720085144043,"orthographic":false}