{"cameraMode":{"drawMode":0,"name":"Shaded","section":"Shading Mode"},"sceneLighting":true,"audioPlay":false,"sceneViewState":{"showFog":false,"showMaterialUpdate":false,"showSkybox":false,"showFlares":false,"showImageEffects":false,"showParticleSystems":false},"in2DMode":false,"pivot":{"x":0.8551058769226074,"y":3.1433682441711427,"z":0.11123912036418915},"rotation":{"x":0.24457165598869325,"y":-0.6735835075378418,"z":0.2535386383533478,"w":0.6497600674629211},"size":8.481864929199219,"orthographic":false}