{"cameraMode":{"drawMode":0,"name":"Shaded","section":"Shading Mode"},"sceneLighting":true,"audioPlay":false,"sceneViewState":{"showFog":false,"showMaterialUpdate":false,"showSkybox":false,"showFlares":false,"showImageEffects":false,"showParticleSystems":false},"in2DMode":false,"pivot":{"x":10.135794639587403,"y":-39.373844146728519,"z":-2.523775100708008},"rotation":{"x":-0.5154154896736145,"y":0.3043009340763092,"z":-0.202344611287117,"w":-0.7751158475875855},"size":8.785348892211914,"orthographic":false}